Utterance Set,is_set,visId,dataset
Cylinders average mpg,n,bar,Cars
Which cylinder cars have the highest fuel economy?,n,bar,Cars
plot average worldwide growth over major genre,n,bar,Movies
show me bars | show me major genre | show me average of worldwide gross,y,bar,Movies
Column Chart of AVG (Profit) vs alphabetical order State,n,bar,Superstore
"Column chart, Average of profit by state",n,bar,Superstore
average profit by state,n,bar,Superstore
Average Worldwide Gross by Major Genre,n,bar,Movies
"make a simple, vertical bar chart of the average of Worldwide sales as a function of the Major Genre.  | Alphabetize the Major Genre, use the color Blue for the bars and extend the grids to the labels only outside the chart.   | Make horizontal gridlines for the Average.",y,bar,Movies
show me how the number of cylinders is related to miles per gallon,n,bar,Cars
Show average worldwide gross by genre. ,n,bar,Movies
Please show me a bar chart with the x-axis representing the number of cylinders and the y-axis depicting the average MPG.,n,bar,Cars
bar chart of average mpg by cylinders,n,bar,Cars
vertical bar chart of average mpg by cylinders,n,bar,Cars
How much is the average of profit of each state?,n,bar,Superstore
How do the company earn in each state?,n,bar,Superstore
Plot the average worldwide gross for each major genre. Sort alphabetically.,n,bar,Movies
What major genre had the highest average worldwide gross?,n,bar,Movies
What major genre had the lowest average worldwide gross?,n,bar,Movies
How much did average worldwide gross vary by major genre?,n,bar,Movies
What's the mileage for cars based on the number of cylinders present?,n,bar,Cars
Does higher cylinder count mean mean lower mileage?,n,bar,Cars
How does mileage relate to cylinder count?,n,bar,Cars
What is the average profit for each state?,n,bar,Superstore
Create a bar chart showing average profit by state,n,bar,Superstore
Create bar chart based on state and AVG(Profit),n,bar,Superstore
Show me a bar graph of the average profit per state,n,bar,Superstore
bar chart for mpg v/s cylinders,n,bar,Cars
what is the average MPG for different cylinders,n,bar,Cars
Bar graph to show number of cylinders on X Axis and Average MPG on Y Axis,n,bar,Cars
Plot average MPG by number of cylinders,n,bar,Cars
"Bar chart, x axis cylinders, y axis mean MPG",n,bar,Cars
Bar chart of average worldwide gross by major genre,n,bar,Movies
plot cylinders by average mpg,n,bar,Cars
"make a bar chart of avgerage profit by state, with state on x axis.",n,bar,Superstore
show mpg for each cylinder type,n,bar,Cars
how mpg varies for different cylinder type,n,bar,Cars
show me worldwide gross averaged by major genres,n,bar,Movies
show the average profit by state,n,bar,Superstore
Which genre movie makes most worldwide gross,n,bar,Movies
show me average Miles Per Gallaon by cylinders in a bar chart,n,bar,Cars
What are the profits across different states?,n,bar,Superstore
what is the worldwide gross distribution per genre,n,bar,Movies
Plot average mpg against cyliners,n,bar,Cars
Show average mgp for each type of cylinder,n,bar,Cars
Plot the average of MPG vs Cylinders,n,bar,Cars
Plot AVG(MPG) vs Cylinders,n,bar,Cars
gross across genres,n,bar,Movies
Show me the average profit by state where the order was placed,n,bar,Superstore
Profit by State,n,bar,Superstore
cylinders by acceleration ,n,bar,Cars
Average ww gross by genre,n,bar,Movies
"On average, how much was earned by movies of each genre?",n,bar,Movies
What is the average profit of each state,n,bar,Superstore
Group by Cylinders | Plot Cylinders by AVG MPG,y,bar,Cars
bar chart of AVG worldwide gross for movies in each genre,n,bar,Movies
What was the average worldwide gross of movies by genre?,n,bar,Movies
The average profit of orders by each state | Bar chart,y,bar,Superstore
"groupby(state) | for each state, get average of profit",y,bar,Superstore
"For each state, draw a bar that has its average profit as the height",n,bar,Superstore
Create column graph of worldwide gross by major genre for all movies,n,bar,Movies
Show Avg(Profit) by state asc,n,bar,Superstore
Show Avg(Profit) by state asc render best,n,bar,Superstore
Average MPG based on cylinders,n,bar,Cars
How much did major genres gross in total,n,bar,Movies
Show cylinfers and AVG(MPG) in a bar chart,n,bar,Cars
Show me Average MPG per Cylinders,n,bar,Cars
create a bar chart showing the average MPG grouped by cylinders,n,bar,Cars
Show me the average profit by state,n,bar,Superstore
average worldwide gross by major genre,n,bar,Movies
avg ww gross by genre,n,bar,Movies
Gross versus major genre,n,bar,Movies
Gross versus genre,n,bar,Movies
Bar chart scale -10000-50000 average profit vs. state all orders,n,bar,Superstore
Compare AVG (MPG) with Cylinders,n,bar,Cars
Bar chart of cylinders versus average mpg,n,bar,Cars
Average Worldwide Gross by Major Genre,n,bar,Movies
Average MPG by cylinders,n,bar,Cars
show me the average gross revenue of for each genrea,n,bar,Movies
show me a bar plot where the x axis is movie genre and the y axis is average worldwide revenue,n,bar,Movies
Show the average profit by state,n,bar,Superstore
Bar Graph AVG(Profit) by State,n,bar,Superstore
chart average MPG to cylinders,n,bar,Cars
What is the average MPG for cars with different cylinders?,n,bar,Cars
How does MPG vary by the number of cylinders in a car?,n,bar,Cars
Average MPG by cylinders histogram,n,bar,Cars
show me average budget split by content rating colored by creative type,n,groupedBar,Movies
Which countries have the highest acceleration for cars of different cylinders? ,n,groupedBar,Cars
Show me a bar chart showing the average profitability for orders by shipping mode and segment.,n,groupedBar,Superstore
Column Chart of Avg (Profit) by Segment vs each Ship Mode,n,groupedBar,Superstore
"Clustered Column chart, Average of Profit by segment, small multiples on ship mode",n,groupedBar,Superstore
average profit by ship mode type and segment,n,groupedBar,Superstore
Avg(Poduction Budget) Grouped by Content Rating and sub-grouped by Creative Type,n,groupedBar,Movies
Make vertical bar charts of the average of the Production Budget categorized by Creative Type and parameterized by Content Rating across the page. | Put an alphabetized legend for Creative type on the right side of the page. Do not use an x-axis or category axis but use the same axis for each chart. Use only major average of Production Budget gridlines.,y,groupedBar,Movies
"Please show me the average accelerations of cars in multiple bar charts aggregated by the number of cylinders. In each bar chart, different bars represent different origins.",n,groupedBar,Cars
create a series of bar chats for different ship modes that represent average of profit for different segments,n,groupedBar,Superstore
"average acceleration by origin, with small multiples by cylinders",n,groupedBar,Cars
"bars of avg acceleration, colored by origin, with small multiples by cylinders",n,groupedBar,Cars
"Show me the average production budget for each movie type, broken down by content rating.",n,groupedBar,Movies
What creative type of movie had the highest production budget for each content rating?,n,groupedBar,Movies
Compare car cylinder count against acceleration across countries,n,groupedBar,Cars
What is the average profit of each ship mode divided by segment?,n,groupedBar,Superstore
Create one bar chart for each ship mode showing average profit by segment,n,groupedBar,Superstore
"Create Bar chart | X axis is Ship Mode | Y axis is AVG(Profit) | Separate by First Class, Same Day, Second Class, Standard Class | Color by Segment",y,groupedBar,Superstore
For each country show the relationship between average acceleration and number of cylinders,n,groupedBar,Cars
Graph to show the acceleration for cars from different countries segregated based on number of cylinders,n,groupedBar,Cars
"select profit, class from table group by segment",n,groupedBar,Superstore
Visualize average accelaration based on number of cyclinders a model has summed across different origins,n,groupedBar,Cars
"Mean acceleration group by Cylinders and Origin, X axis Origin, Color Origin, Each plot Cylinders",n,groupedBar,Cars
"Average production budget by Creative Type, with separate graphs by Content Rating",n,groupedBar,Movies
"plot separately cylinders by average acceleration', 'color by origin",n,groupedBar,Cars
"by ship mode, draw a bar chart of average profit by split by segment",n,groupedBar,Superstore
show acceleration by cylinders by origin,n,groupedBar,Cars
how acceleration varies with number of cylinders by origin,n,groupedBar,Cars
"For each cylinders, average acceleration per origin",n,groupedBar,Cars
"For each cylinders, average acceleration Color by origin",n,groupedBar,Cars
show me bar charts of average production budget by creative types grouped by content rating,n,groupedBar,Movies
"What's the average production budget of the different rated movies, separated by creative type.",n,groupedBar,Movies
"Groupby(Ship Mode) | For each ship mode, groupby (segment) | For each (ship mode, segment), get average of profits",y,groupedBar,Superstore
"For each ship mode, plot a bar graph where each bar indicates the average profit of each segment",n,groupedBar,Superstore
show me average acceleration based on cylinders and country of origin,n,groupedBar,Cars
what's the breakdown of production budget by creative type per content rating?,n,groupedBar,Movies
"Show average horse power across cylinders, each country shown separately",n,groupedBar,Cars
"Plot the average of Acceleration, grouped by Cylinders, colored by Origin",n,groupedBar,Cars
What is our profit based on shipping mode by customer segment?,n,groupedBar,Superstore
"What was the average budget for each content rating and creative type, as multiple column charts",n,groupedBar,Movies
"For each content rating, show a column chart of average production budget by creative type",n,groupedBar,Movies
What is the average profit of different segments on the ship modes of transport,n,groupedBar,Superstore
"Group by Origin | Faceting on Cylinder, plot Cylinder by AVG Acceleration",y,groupedBar,Cars
"bar chart for each rating, showing avg production budget per creative type",n,groupedBar,Movies
Display column graph of average production budget by creative type broken down by content rating,n,groupedBar,Movies
Split Ship Mode by category and segement and Avg(Profit) render barchart,n,groupedBar,Superstore
Avg(Profit) Split by Ship Mode by category and segement,n,groupedBar,Superstore
"show average acceleration by country of origin, with separate charts for # of cylinders",n,groupedBar,Cars
Show Cylinders and AVG(Acceleration) in bar chart | Add Cylinders to groups | Add Origin to legend,y,groupedBar,Cars
"i want to see the average production budget of each creative type in a column chart, and grouped together by content rating",n,groupedBar,Movies
Show me Average Acceleration grouped by cylinders and broken out by Origin,n,groupedBar,Cars
budget vs content rating regarding different creative types,n,groupedBar,Movies
create a bar chart of average acceleration grouped by origin | split splots by cylinders,y,groupedBar,Cars
"show me a series of bar charts of average profit, split by segment, one chart per ship mode",n,groupedBar,Superstore
show me one bar chart of average profit split by segment for each ship mode,n,groupedBar,Superstore
average production budget by creative type and content rating,n,groupedBar,Movies
average production budget with creative type as legend and trellised by content rating,n,groupedBar,Movies
The average profit of orders by segment for each ship mode | Grouped colored bar charts,y,groupedBar,Superstore
"Production budget for each creative type, by content rating",n,groupedBar,Movies
Compare AVG (Acceleration) with Cylinders. | Segregate the cylinders by their origin.,y,groupedBar,Cars
Bar chart of average acceleration for cars with each number of cylinders in each place of origin. Color by origin. Separate into multiple charts by number of cylinders.,n,groupedBar,Cars
Average Production Budget by Creative Type filtered by Content Rating,n,groupedBar,Movies
Average Production Budget by Creative Type separated by Content Rating,n,groupedBar,Movies
Average Acceleration by Engine Cylinders and Origin,n,groupedBar,Cars
show me average production budget of each creative type across content ratings.,n,groupedBar,Movies
show me small multiples of average production budget for each creative type across different ratings,n,groupedBar,Movies
"show me how each rating, broken down by creative type, affects the average production budget",n,groupedBar,Movies
Show average profit by ship mode broken out by each segment,n,groupedBar,Superstore
Ship Mode Bar Chart AVG(Profit) by Segment),n,groupedBar,Superstore
How does the acceleration of cars from different countries vary by the number of cylinders?,n,groupedBar,Cars
Average acceleration by cylidners and country of origin in separate panels,n,groupedBar,Cars
draw bars | show me running time,y,histogram,Movies
histogram of running time,n,histogram,Movies
How many heavy cars are in the dataset? ,n,histogram,Cars
give me the number of movies by running time,n,histogram,Movies
Columns of Count vs Order Quantity,n,histogram,Superstore
"Frequency chart, order quantity",n,histogram,Superstore
count of orders by order quantity,n,histogram,Superstore
histogram of Running Time,n,histogram,Movies
Make a simple bar chart of count of Titles versus the Running Time. | Extend axes to labels and use only Count or lateral gridlines.,y,histogram,Movies
show me the categorization of weights,n,histogram,Cars
Show the number of films categorized by their running times.,n,histogram,Movies
Please show me the distribution of weights by 500 interval.,n,histogram,Cars
Please show me a histogram of weights with 500 intervals.,n,histogram,Cars
"histogram of weight, bin size 500",n,histogram,Cars
"histogram of weight, number of bins 8",n,histogram,Cars
Plot a histogram of movie running time.,n,histogram,Movies
What is the distribution of running times for each movie?,n,histogram,Movies
Show distribution of cars by weight,n,histogram,Cars
Histogram of cars by weight,n,histogram,Cars
How many orders were placed for each order quantity?,n,histogram,Superstore
Create a bar chart showing order quantity vs. count,n,histogram,Superstore
Create Bar Chart | X-axis is Order Quanitity | Y-Axis is COUNT,y,histogram,Superstore
Show me the count of each order quantity,n,histogram,Superstore
Show a bar chart showing weight distribution of cars,n,histogram,Cars
Bar graph to show weight on X Axis and count of cars on Y Axis,n,histogram,Cars
show me the order count grouped by quantity,n,histogram,Superstore
Visualize the distribution of models by weight into 8 buckets,n,histogram,Cars
"Histogram of weight, bin width of 500, min x axis 1500, max x axis 5500",n,histogram,Cars
"Histogram of running time, in 20 minute bands",n,histogram,Movies
plot weight histogram,n,histogram,Cars
"draw a histogram showing the count by order quantity, with a 2 order bin size",n,histogram,Superstore
show weight by count,n,histogram,Cars
Movie run time distribution,n,histogram,Movies
Histogram by weight | Count of binned weight,y,histogram,Cars
Show a count of movies binned by running time in 20-minute increments.,n,histogram,Movies
show a histogram for order quantity,n,histogram,Superstore
Show me count of movie runtimes ,n,histogram,Movies
Sum weight in a bar chart,n,histogram,Cars
How many products have 3 or more quantity ordered ?,n,histogram,Superstore
How many products are ordered in single quantity ?,n,histogram,Superstore
Show distribution of weight,n,histogram,Cars
Show histogram of weight,n,histogram,Cars
I want to know how many orders there are by the quantity of the order,n,histogram,Superstore
Plot Count of cars vs Weight,n,histogram,Cars
average length of movies,n,histogram,Movies
Product Single Order Quantity Trend,n,histogram,Superstore
count by weight,n,histogram,Cars
Give me a histogram of the number of movies by running time,n,histogram,Movies
How many movies are of each length?,n,histogram,Movies
Count the movies by how long they are,n,histogram,Movies
Show a histogram of the number of movies by how long they are,n,histogram,Movies
Count movies by how long they are to the nearest 20 minutes,n,histogram,Movies
Count movies by length in 20 minute buckets,n,histogram,Movies
plot a histogram of the total count of orders,n,histogram,Superstore
Plot a histogram of Weight with a bin width of 500,n,histogram,Cars
histogram of running time,n,histogram,Movies
Show me a boring bar chart of movie running time and count,n,histogram,Movies
Give me a histogram of running time for movies,n,histogram,Movies
The distribution of the order quantity | Histogram,y,histogram,Superstore
Create histogram of running time,n,histogram,Movies
Count Order Quantity asc render best,n,histogram,Superstore
Count Order Quantity asc order render best,n,histogram,Superstore
Histogram of number of cars by weight,n,histogram,Cars
breakdown of movies by running time,n,histogram,Movies
show me the count of movies by running time buckets,n,histogram,Movies
Show weight in a histogram ,n,histogram,Cars
"Show me a histogram of weight, rounded to 500",n,histogram,Cars
What is the distribution of weight across all cars?,n,histogram,Cars
How much do various cars weigh?,n,histogram,Cars
What is the range of weights for all cars?,n,histogram,Cars
create a histogram of model count by weight,n,histogram,Cars
show me a bar chart of count by order quantity,n,histogram,Superstore
count of movies by binned running time,n,histogram,Movies
"""what's the distribution of running times by movie",n,histogram,Movies
how many movies are there in 20 minute bins of running time,n,histogram,Movies
Show me the variation in the amount ordered by different entities in different orders,n,histogram,Superstore
running time distribution,n,histogram,Movies
"running time distribution, buckets of 20 minutes for running time",n,histogram,Movies
running time in 20 minute buckets,n,histogram,Movies
show me the distribution of car weight,n,histogram,Cars
Bar chart of weight,n,histogram,Cars
Total Count based on Running Time,n,histogram,Movies
Count by Weight Buckets,n,histogram,Cars
show me a histogram of movie length,n,histogram,Movies
show a relationship using a bar chart to show the relationship between items order and the count of those items,n,histogram,Superstore
Bar Chart Count by Order Quantity,n,histogram,Superstore
chart number of vehicles by weight in buckets of 500,n,histogram,Cars
Distribution of car weight,n,histogram,Cars
Histogram of car weight,n,histogram,Cars
what's the production budget for movies in different years?,n,line,Movies
Show me total sales by month for the two-year period between Jan 2016 and Dec 2017.,n,line,Superstore
Line Graph of SUM (Sales Forecast) vs Order Date,n,line,Superstore
"Line chart, Sum of Sales Forecast by Order Date",n,line,Superstore
total sales forecast by order date in 2016-2017,n,line,Superstore
total sales forecast by order date where year in 2016 or 2017,n,line,Superstore
Average Production Budget by Year,n,line,Movies
"make a simple line chart of the average of the Production Budget as a function of  Release Year.  | use no symbols, use a 1 pt line, and use gridlines for both average and release year.",y,line,Movies
Show me weight over year,n,line,Cars
Show the trend in average production budgets from 1995 to 2010.,n,line,Movies
Please show me how the average weights change in a timeline.,n,line,Cars
average weight over year,n,line,Cars
average weight over time,n,line,Cars
line chart of average weight over year,n,line,Cars
line chart of average weight over time,n,line,Cars
Plot the average production budget each year across all movies.,n,line,Movies
What is the relationship between release year and average production budget?,n,line,Movies
Weight of cars grouped by year,n,line,Cars
What is the sales forecast for each date?,n,line,Superstore
Create a line chart showing total sales forecast over time,n,line,Superstore
Create line graph | Axes are Order Date and SUM(Sales Forecast),y,line,Superstore
Show me the sales forecast for each order date,n,line,Superstore
What is the average weight distribution of cars between 1974 and 1980,n,line,Cars
Line chart to show average weight of cars based on the year in which they were produced,n,line,Cars
Visualize the general trend of car model weights over the years,n,line,Cars
Line graph of average Production Budget across Release Year,n,line,Movies
plot year by average weight,n,line,Cars
draw a line chart of daily sales forecasts,n,line,Superstore
show weight by year,n,line,Cars
how weight varies each year,n,line,Cars
Have cars gotten lighter over time?,n,line,Cars
Average weight over year,n,line,Cars
Line chart average weight over year,n,line,Cars
plot average production budget over release year,n,line,Movies
show me average production budget over release year,n,line,Movies
How production budge changes over release years?,n,line,Movies
What was the average production budget of movies by year?,n,line,Movies
I want to see trend of production budget by the release year,n,line,Movies
show the total number of sales forecast over time,n,line,Superstore
show me the average weight in a line chart,n,line,Cars
sales forecast between Jan 2016 and July 2017,n,line,Superstore
budget over time,n,line,Movies
plot average weight across time,n,line,Cars
show time series plot of average weight,n,line,Cars
production budget across years,n,line,Movies
Show me our forecasted number of sales between Jan 2016 and December 2017,n,line,Superstore
Draw the axes for the average of Weight vs Year,n,line,Cars
Draw the axes for AVG(Weight) vs Year,n,line,Cars
Product Sales Revenue by Month,n,line,Superstore
average weight by year ,n,line,Cars
Average budget by year,n,line,Movies
What is the average production budget in each year,n,line,Movies
Give me a line chart of average budget by year,n,line,Movies
Show the trend in the total sales from january to october 2017,n,line,Superstore
Plot Year by AVG Weight,n,line,Cars
line chart of AVG production budget of each release year,n,line,Movies
Display production budget by release date,n,line,Movies
"Groupby (Order Date) | For each Order Date, calculate sum of the sales forecast",y,line,Superstore
"Draw a line graph that connects all (order date, sum of sales forecast) pairs",n,line,Superstore
Sum(Sales Forecast) by Order Date asc render line,n,line,Superstore
Sum(Sales Forecast) by Order Date asc render best,n,line,Superstore
what is the average weight of cars over time,n,line,Cars
show me the average production budget by release year in a line chart,n,line,Movies
show year and avg(Weight) in a line chart,n,line,Cars
Show me average weight trended over ascending years,n,line,Cars
create a line graph of average weight by year,n,line,Cars
Show me the total sales forecast by order date,n,line,Superstore
Show me the cumulative sales by order date,n,line,Superstore
average production budget over time,n,line,Movies
average production budget by year,n,line,Movies
avg production budget over time,n,line,Movies
line chart sum of sales forecast vs. order date all orders,n,line,Superstore
"average production budget by year, 1995 to 2009",n,line,Movies
How does AVG (Weight) evolve over the years?,n,line,Cars
Line graph of year vs. average weight,n,line,Cars
Yearly average Production Budget,n,line,Movies
Avg weight by Year,n,line,Cars
line chart sum of sales forecast by order date,n,line,Superstore
show me a line plot of average movie production budget over time for all movies,n,line,Movies
show me small multiple scatter plots of movie production budget vs gross worldwide where each multiple is a specific rating,n,line,Movies
Show a line chart  the semi-annual sales forecast,n,line,Superstore
Linegraph SUM(Sales Forecast) by Order Date,n,line,Superstore
chart average weight over time,n,line,Cars
What is the average weight of cars by model year?,n,line,Cars
How has the average weight of cars changed over the years?,n,line,Cars
give me line charts of worldwide gross over year by major genres,n,multiLine,Movies
Line chart avg horsepower per year Color by origin,n,multiLine,Cars
plot worldwide gross over release year split by genre,n,multiLine,Movies
Multi-line Graph of Sum (Sales) by Category vs Order Date ,n,multiLine,Superstore
"Line chart, Sum of sales by order date, on category",n,multiLine,Superstore
"total sales by order date and category where category is furniture, office supplies, technology",n,multiLine,Superstore
time series: Sum(Worldwide Gross) by Release Year | group and color code by Major Genre,y,multiLine,Movies
plot a simple line chart that Sums the Worldwide Gross of major films versus release year parameterized by Major Genre. | Do not use symbols and show only major gridlines. Extend the axis to the labels. ,y,multiLine,Movies
Show how genres have been associated with worldwide grosses from 1995 to 2009.,n,multiLine,Movies
How do the horsepowers of the cars from different regions change with years?,n,multiLine,Cars
"average horsepower over years, colored by origin",n,multiLine,Cars
"average horsepower over time, colored by origin",n,multiLine,Cars
Plot the total worldwide gross over time for each major genre.,n,multiLine,Movies
What is the total worldwide gross for each major genre across time?,n,multiLine,Movies
What were the total sales for each date in each category?,n,multiLine,Superstore
How much was sold each day for each category?,n,multiLine,Superstore
"Create a line chart showing order date and sum of sales, divided by category",n,multiLine,Superstore
Create line graph | Axes are Order Date and SUM(Sales) | Color by category,y,multiLine,Superstore
"Show me the sales of furniture, office supplies, and technology over time",n,multiLine,Superstore
Through a visualization show average horsepower of cars for each country from 1997 to 2011,n,multiLine,Cars
"Line chart showing Year on X Axis and Average Horsepower on Y Axis', 'Different lines for different Origin",n,multiLine,Cars
Trend for average horsepower over time across different origin,n,multiLine,Cars
"Line graph of total Worldwide Gross by Major Genre, across Release Year",n,multiLine,Movies
plot year by average horsepower | color by origin,y,multiLine,Cars
"draw a line chart of monthly sales by order date, with a different colored line for each category",n,multiLine,Superstore
show how horsepower varies each year by origin,n,multiLine,Cars
How has horsepower changed over time by country? ,n,multiLine,Cars
Show worldwide gross timeline by movie genre,n,multiLine,Movies
Show a time series plot by year of the worldwide gross sum of movies by genre.,n,multiLine,Movies
"show the total sales over time as line chart for the categories furniture, office supplies, and technology",n,multiLine,Superstore
what is the sales trend of the different product categories?,n,multiLine,Superstore
Plot average horsepower across time by countries,n,multiLine,Cars
"For each country, show time series of average horse power",n,multiLine,Cars
"Draw axes for the average of Horsepower vs Year, colored by Origin",n,multiLine,Cars
"Draw axes for AVG(Horsepower) vs Year, colored by Origin",n,multiLine,Cars
Total gross by year and genre,n,multiLine,Movies
Total gross by genre and year,n,multiLine,Movies
Gross by genre and year,n,multiLine,Movies
"Gross, year and genre as a line chart",n,multiLine,Movies
show the trend in sales of all categories,n,multiLine,Superstore
Show the total gross across genres over time,n,multiLine,Movies
Group by Origin | plot Year by AVG Horsepower,y,multiLine,Cars
"line chart of total worldwide gross over each release year, line for each genre",n,multiLine,Movies
Sum(Sales)  by Order Date split by Category render line ,n,multiLine,Superstore
Sum(Sales)  by Order Date split by Category render line asc,n,multiLine,Superstore
"Show average horsepower over time, separated by country of origin",n,multiLine,Cars
gross per genre over time,n,multiLine,Movies
Show year and AVG(Horsepower) in line chart | Add origin to legend,y,multiLine,Cars
Show me the total worldwide gross over time by release year for the major genres,n,multiLine,Movies
"Show me the Average Horespower per origin, trended by ascending years",n,multiLine,Cars
release year vs worldwide gross in genres,n,multiLine,Movies
create a line graph of average horsepower by year grouped by origin,n,multiLine,Cars
"Show me the total sales by order date, one line for each category",n,multiLine,Superstore
Show me the total sales by order date split by category,n,multiLine,Superstore
"Show me the total sales over time for these categories: furniture, office supplies, and technology",n,multiLine,Superstore
ww gross over time by genre,n,multiLine,Movies
total worldwide gross by release year and major genre,n,multiLine,Movies
Create timeline of worldwide gross by release year displayed by major genre,n,multiLine,Movies
"line chart of sales vs. order date of furniture, office supplies, technology. Distnighish by color",n,multiLine,Superstore
line graph of worldwide gross for each genre for each year starting in 1995 to present,n,multiLine,Movies
worldwide gross for each genre for each year 1995 to now,n,multiLine,Movies
How has AVG (Horsepower) evolved over time? | Segregate it by the car origin.,y,multiLine,Cars
Line graph of year versus average horsepower by origin,n,multiLine,Cars
Worldwide Gross through time for each Major Genre,n,multiLine,Movies
Yearly Worldwide Gross for each Major Genre,n,multiLine,Movies
Average Horsepower per year and origin,n,multiLine,Cars
line chart sum of sales by order date categorized by category,n,multiLine,Superstore
show me how total gross revenue of all movies changes over a year for each genre,n,multiLine,Movies
show me a line plot of sum of gross revenue for each genre over time,n,multiLine,Movies
show me how gross revenue of genres changes over time,n,multiLine,Movies
show a line chart of semi sales by category,n,multiLine,Superstore
Category Line Graph Sum(Sales) by Order date,n,multiLine,Superstore
How has horsepower changed over time in each region?,n,multiLine,Cars
Relationship between IMDB Rating and Rotten Tomatoes Rating,n,scatter,Movies
Is there a correlation between acceleration and horsepower? ,n,scatter,Cars
show me imdb rating versus rotten tomatoes rating,n,scatter,Movies
give me a scatterplot of imdb rating as x axis and rotten tomatoes rating as y axis,n,scatter,Movies
show me a scatterplot | show me rating | show me rotten tomatoes rating,y,scatter,Movies
Acceleration by horsepower scatterplot,n,scatter,Cars
Acceleration by horsepower points,n,scatter,Cars
Plot IMDB rating against Rotten Tomatoes rating.,n,scatter,Movies
Scatter Plot of Sales vs Profit,n,scatter,Superstore
"Scatter plot, sales by profit",n,scatter,Superstore
plot profit amount by sales amount,n,scatter,Superstore
scatter IMDB Rating vs Rotten Tomatoes Rating,n,scatter,Movies
Make a simple scatter plot of Rotten Tomatoes Rating versus IMDB Rating.   | Use only major gridlines.,y,scatter,Movies
show me horsepower vs acceleration,n,scatter,Cars
Show how films' Rotten Tomato ratings compare with IMDB ratings.,n,scatter,Movies
what is the correlation between horsepower and acceleration?,n,scatter,Cars
"""Is there a correlation between cars' horsepower and acceleration?",n,scatter,Cars
Create a scatterplot of profit in columns and Sales in rows,n,scatter,Superstore
Create a scatterplot of profit in abscissa  and sales in ordinate ,n,scatter,Superstore
how does horsepower relate to acceleration for individual car models,n,scatter,Cars
"scatterplot of horsepower by acceleration, separated by individual models",n,scatter,Cars
Plot rotten tomatoes rating v.s. IMDB rating on a scatter plot.,n,scatter,Movies
Is there a relationship between IMDB rating and rotten tomatoes rating?,n,scatter,Movies
Does higher horsepower mean lower acceleration?,n,scatter,Cars
What is the relationship between profit and sales?,n,scatter,Superstore
Create a scatter plot showing profit vs. sales,n,scatter,Superstore
Create Scatterplot | X-axis is Profit | Y-axis is Sales,y,scatter,Superstore
Show me the profit versus sales,n,scatter,Superstore
Show the scatter plot between horse power and acceleration,n,scatter,Cars
What is the relation between horsepower and acceleration,n,scatter,Cars
Scatter plot to show horsepower on X axis and Acceleration on Y Axis,n,scatter,Cars
plot the distribution of acceleration v/s horsepower ,n,scatter,Cars
"Scatter plot, x axis horsepower, y axis acceleration",n,scatter,Cars
Scatterplot of Rotten Tomatoes Rating by IMDB Rating,n,scatter,Movies
plot horsepower by acceleration,n,scatter,Cars
"make a scatterplot of profit vs sales, with profit on x-axis",n,scatter,Superstore
how is acceleration related to horsepower,n,scatter,Cars
acceleration to horsepower,n,scatter,Cars
show scatter plot of accelration and horse power,n,scatter,Cars
"plot the (profit, sales) pairs.",n,scatter,Superstore
plot IMDB rating against rotten tomatoes rating,n,scatter,Movies
show sales and profit as a scatter plot,n,scatter,Superstore
Are IMDb rating and rotten tomatoes rating related,n,scatter,Movies
should me acceleration compared to horsepower in a scatter chart,n,scatter,Cars
Scatter plot of horsepower across acceleration,n,scatter,Cars
Rating of movies in IMBD and Rotten Tomatoes,n,scatter,Movies
Plot acceleration vs Horsepower,n,scatter,Cars
Show me profits by number of sales per product,n,scatter,Superstore
Profit vs. Sales Cluster,n,scatter,Superstore
horsepower by acceleration ,n,scatter,Cars
how does Rotten Tomatoes Rating change as IMDB Rating?,n,scatter,Movies
Compare imdb rating to rotten tomatoes rating,n,scatter,Movies
Show a scatter plot of imdb rating vs rotten tomatoes rating,n,scatter,Movies
Give me a scatter plot showing a comparison of ratings between imdb and rotten tomatoes,n,scatter,Movies
how much is the profit for sales for each,n,scatter,Superstore
scatter plot of IMDB rating vs Rotten tomatoes rating,n,scatter,Movies
Plot IMBD vs Rotten Tomatoes ratings for all movies,n,scatter,Movies
Help me see outliers in IMDB and Rotten Tomatoes ratings,n,scatter,Movies
Sum(Profit) and Sum(Sales) render cluster,n,scatter,Superstore
Sum(Profit) 1and Sum(Sales) 2 render cluster,n,scatter,Superstore
Sum(Profit) x and Sum(Sales) y render cluster,n,scatter,Superstore
each car's acceleation by horsepower,n,scatter,Cars
IMDB rating by rotten tomatoes rating,n,scatter,Movies
Show me a scatterplot of movies by imdb rating and rotten tomatoes rating,n,scatter,Movies
Show Horsepower by Acceleration in a XYplot,n,scatter,Cars
Show Me Acceleration vs. Horespower For each Model,n,scatter,Cars
acceleration vs horsepower,n,scatter,Cars
create a scatterplot of acceleration vs horsepower by model,n,scatter,Cars
Show me a scatter chart of sales by profit,n,scatter,Superstore
scatter of imdb rating by rotting tomatoes rating,n,scatter,Movies
imdb rating vs rotten tomatoes rating by movie,n,scatter,Movies
Create scatter graph of IMDB rating by Rotten Tomatoes Rating ,n,scatter,Movies
The distribution of profit and sales | Scatter plot,y,scatter,Superstore
Scatterplot of sales vs. profit,n,scatter,Superstore
relation between rotten tomatoes rating and IMDB rating,n,scatter,Movies
relation between rotten tomatoes and IMDB ratings,n,scatter,Movies
scatter plot showing rotten tomatoes and IMDB ratings,n,scatter,Movies
Correlate Acceleration and Horsepower.,n,scatter,Cars
Scatterplot of horsepower vs acceleration,n,scatter,Cars
Scatter Plot of Rotten Tomatoes rating by the IMDB rating.,n,scatter,Movies
Relationship of Rotten Tomatoes rating to IMDB rating.,n,scatter,Movies
Horsepower distribution by acceleration,n,scatter,Cars
scatter plot sales vs profit,n,scatter,Superstore
show me a scatterplot of rotten tomatoes ratings vs imdb ratings,n,scatter,Movies
Show correlation between sales and profit,n,scatter,Superstore
Scatterplot Sales by Profit,n,scatter,Superstore
scatterplot acceleration vs horsepower,n,scatter,Cars
A scatterplot of horsepower on X axis and Acceleration on Y axis,n,scatter,Cars
How does acceleration change with horsepower?,n,scatter,Cars
How does acceleration behave compared to horsepower?,n,scatter,Cars
Scatterplot mpg vs displacement color by origin,n,scatterColor,Cars
Movie gross and budge relationship based on genre,n,scatterColor,Movies
How does displacement relate to fuel economy for cars from Europe v. USA? ,n,scatterColor,Cars
scatterplot budget and worldwide gross colored by genre,n,scatterColor,Movies
Show me a scatterplot of profitability by sales for each region. ,n,scatterColor,Superstore
Scatter Plot of Profit by region vs Sales,n,scatterColor,Superstore
"Scatter Plot, Profit by Sales, on Region",n,scatterColor,Superstore
plot profit amount by sales amount and region,n,scatterColor,Superstore
Scatter Production Budget vs Worldwide Gross. Color Code Major Genre.,n,scatterColor,Movies
Make a simple scatter plot of worldwide Gross by Production Budget categorized by Major Genre.,n,scatterColor,Movies
Show how worldwide grosses are related to production budgets by genre.,n,scatterColor,Movies
What is the correlation between displacement and MPG of cars with different origins?,n,scatterColor,Cars
Creare a scatterplot of sales and profit that represent different regions ,n,scatterColor,Superstore
"how does displacement relate to mpg for individual models, partitioned by country",n,scatterColor,Cars
"plot displacement against mpg for individual models, colored by country",n,scatterColor,Cars
"Plot the worldwide gross versus production budget for individual movies, coloring each movie by its genre.",n,scatterColor,Movies
What is the relationship between production budget and worldwide gross for each major genre?,n,scatterColor,Movies
What is the relationship between sales and profit for each region?,n,scatterColor,Superstore
"Create a scatter plot showing sales vs. profit, with each point colored by region",n,scatterColor,Superstore
Create scatterplot | Axes are sales and profit | color by region,y,scatterColor,Superstore
Show me the sales versus profit of each region,n,scatterColor,Superstore
"for country in USA, JAPAN and EUROPE show MPG vs Displacement ",n,scatterColor,Cars
One scatter plot to show displacement on X Axis and MPG on Y Axis | Scatter points to be different for each change in value of field Origin,y,scatterColor,Cars
"select sales, profit from table group by(region)",n,scatterColor,Superstore
Visualize distribution of MPG v/s displacement across origin,n,scatterColor,Cars
"Scatter plot, x axis Displacement, Y axis MPG, Color by Origin",n,scatterColor,Cars
Scatterplot of Worldwide Gross by Production Budget with different colors by major genre,n,scatterColor,Movies
plot displacement by mpg | color by origin,y,scatterColor,Cars
draw a scatterplot of sales vs profit where sales is on the x-axis and points are colored by region,n,scatterColor,Superstore
show how MPG varies with displacement by different origin,n,scatterColor,Cars
visualize in scatter plot the Displacement and MPG by orgin,n,scatterColor,Cars
"give me wordwide gross versus production budget, colored by major genres",n,scatterColor,Movies
"scatter(displacement, MPG) | color by Origin",y,scatterColor,Cars
"show profit vs sales as scatter plot', 'use a different color for each region",n,scatterColor,Superstore
show me MPG by displacement and origin in scatter chart,n,scatterColor,Cars
Density of sales across regions and their profitability,n,scatterColor,Superstore
Show displacement and MPG in a XY chart | Add origin in legend,y,scatterColor,Cars
Plot MPG vs Displacement colored by Origin,n,scatterColor,Cars
budget vs gross income across movie genres,n,scatterColor,Movies
Visualize in one chart sales and profits by product by region,n,scatterColor,Superstore
Profit vs. Sales Cluster by Region,n,scatterColor,Superstore
Give me a scatter plot of budget vs gross broken down by movie but with genre as a legend,n,scatterColor,Movies
"For each movie, show its budget and gross on a scatter plot and include the genre",n,scatterColor,Movies
What is the sales vs profit ratio of all the zones,n,scatterColor,Superstore
"Coloring by Orign, Plot Displacement by MPG",n,scatterColor,Cars
"scatter plot of production budget vs worldwide gross, colored by genre",n,scatterColor,Movies
"For each data element, draw a circle at (its sales, profit) with the proper color by the region",n,scatterColor,Superstore
Chart scatter plot of production budget by worldwide growth coded by major genre,n,scatterColor,Movies
The distribution of profit and sales by regions | Colored scatter plot,y,scatterColor,Superstore
Sum(Sales) X Sum(Profit) Y by region render cluster,n,scatterColor,Superstore
Sum(Sales) 1 Sum(Profit) 2 by region render cluster,n,scatterColor,Superstore
"chart each model MPG by displacement, and idetnify coutnry of origin",n,scatterColor,Cars
prod budget by gross for movies per genre,n,scatterColor,Movies
"plot all titles on a scatter plot chart by production budget an worldwide gross, and color the dots by major genre",n,scatterColor,Movies
Show me MPG vs Displacement colored by Origin,n,scatterColor,Cars
Show me MPG vs Displacement distinguished by Origin,n,scatterColor,Cars
"create a scatterplot of mpg vs displacement by model, color marks by origin | set origin colors to: europe, blue, japan, orange, usa, red",y,scatterColor,Cars
production budget vs ww gross by movie and major genre,n,scatterColor,Movies
show the spread of production budget and worldwide gross for each movie with genre as a legend,n,scatterColor,Movies
"show me a scatter chart of profit by sales, color coded by region",n,scatterColor,Superstore
"show me a scatter chart of profit by sales, split by region",n,scatterColor,Superstore
Scatterplot profit vs sales with color indicating geographic region of the U.S.,n,scatterColor,Superstore
Relation between worldwide gross and production budget for each major genre,n,scatterColor,Movies
correlate MPG and Displacement of cars | color the points by the car's origin,y,scatterColor,Cars
Scatterplot of displacement vs mpg. Color by origin.,n,scatterColor,Cars
Scatter Plot of Worldwide Gross by Production Budget with Major Genre labels,n,scatterColor,Movies
Worldwide Gross relationship to Production budget and Major Genre,n,scatterColor,Movies
show me a scatterplot of worldwide gross margin vs production budget; color movies by their genre,n,scatterColor,Movies
Can you create a graph showing sales and profit by region?,n,scatterColor,Superstore
Scatterplot Region X=Sales Y=Profit ,n,scatterColor,Superstore
scatterplot MPG vs Displacement separated by country,n,scatterColor,Cars
Scatterplot of displacement by MPG colored by country,n,scatterColor,Cars
"how does MPG compare to displacement, broken out by region?",n,scatterColor,Cars
"For each region, how does a car's MPG vary with displacement?",n,scatterColor,Cars
give me scatterplots of worldwide gross versus production budget by different content ratings,n,scatterFaceted,Movies
Acceleration by weight scatterplot per origin,n,scatterFaceted,Cars
Acceleration by weight scatterplot facet by origin,n,scatterFaceted,Cars
"For each origin, acceleration by weight scatterplot",n,scatterFaceted,Cars
show me production budget against worldwide gross split by content rating,n,scatterFaceted,Movies
Scatter Plot for each region of Profit vs Sales,n,scatterFaceted,Superstore
"Scatter Plot, profit by sales, small multiples on region",n,scatterFaceted,Superstore
profit amount per sales amount by region,n,scatterFaceted,Superstore
Scatter Production Budget vs Worldwide Gross | Slice by Content Rating,y,scatterFaceted,Movies
plot profit versus sales with a separate plot for each region. Make the axes identical.,n,scatterFaceted,Superstore
Make simple scatter plots of the Worldwide Gross versus Production Budget. Parameterize by Content Rating.,n,scatterFaceted,Movies
show me how weight is related to acceleration per country,n,scatterFaceted,Cars
Show how worldwide gross is related to production budgets for each content rating.,n,scatterFaceted,Movies
Please show me multiple correlation charts of weights and accelerations of cars based on their origins.,n,scatterFaceted,Cars
Create a multiple scatterplot that represents sales and profit for different regions,n,scatterFaceted,Superstore
"how does weight relate to acceleration for car models, small multiples by origin",n,scatterFaceted,Cars
"scatterplot weight by acceleration for individual models, small multiples by origin",n,scatterFaceted,Cars
The profit of sales in each region,n,scatterFaceted,Superstore
"Plot the worldwide gross v.s. production budget on a scatter plot, broken down by content rating.",n,scatterFaceted,Movies
Is there a relationship between production budget and worldwide gross for each content rating?,n,scatterFaceted,Movies
Compare acceleration vs weight across different countries,n,scatterFaceted,Cars
What is the relationship between sales and profit for each region?,n,scatterFaceted,Superstore
Create one scatter plot for each region that shows the relationship between sales and profit,n,scatterFaceted,Superstore
create scatterplot | axes are sales and profit | separate by region // or // dual x axis region,y,scatterFaceted,Superstore
Show me the sales versus profit for each region | Divide the data into 4 graphs,y,scatterFaceted,Superstore
Give different scatter plots of acceleration vs weight for each country,n,scatterFaceted,Cars
"3 scatter plots, one each for every Europe, Japan, and USA, to show weight on X Axis and Acceleration on Y Axis",n,scatterFaceted,Cars
Visualize accelaration v/s weight across distribution across different origins,n,scatterFaceted,Cars
"Scatterplot, x axis weight, y axis acceleration, facet by origin",n,scatterFaceted,Cars
Worldwide Gross by Production Budget by Rating in Scatterplot format,n,scatterFaceted,Movies
plot weight vs acceleration by origin,n,scatterFaceted,Cars
"by region, draw a scatterplot of sales and profit, with sales on the x axis",n,scatterFaceted,Superstore
show acceleration of cars by weight for different orgin,n,scatterFaceted,Cars
show scatterplot of cars acceleration to weight by origin,n,scatterFaceted,Cars
Show me small multiples of acceleration by weight for each country.,n,scatterFaceted,Cars
Display budget by gross of movies broken down by content rating,n,scatterFaceted,Movies
Gross vs. production budget over different ratings ,n,scatterFaceted,Movies
show the profit vs sales as scatter plots | use one plot for each region,y,scatterFaceted,Superstore
Plot production budget against worldwide gross for the different rating categories of movies.,n,scatterFaceted,Movies
show me acceleration by weight and by country of origin,n,scatterFaceted,Cars
Profitable Sales across regions,n,scatterFaceted,Superstore
Plot wight across acceleration for each country separately,n,scatterFaceted,Cars
Show me by region sales and profits by product,n,scatterFaceted,Superstore
production budget vs worldwide gross regarding movie rating,n,scatterFaceted,Movies
"Plot Acceleration vs Weight, grouped by Origin",n,scatterFaceted,Cars
Profit vs. Sales Cluster by Region,n,scatterFaceted,Superstore
Europe acceleration by weight | japan | usa,y,scatterFaceted,Cars
Give me a scatter chart of production budget vs worldwide gross for each content rating,n,scatterFaceted,Movies
"For each content rating, compare budget vs gross in a scatter plot",n,scatterFaceted,Movies
What is the sales vs profit ratio of the four regions,n,scatterFaceted,Superstore
"Faceting on Origin, plot Weight by Acceleration",n,scatterFaceted,Cars
scatter plot of production budget vs worldwide gross for G rated movies | scatter plot of production budget vs worldwide gross for PG rated movies | scatter plot of production budget vs worldwide gross for PG-13 rated movies | scatter plot of production budget vs worldwide gross for R rated movies,y,scatterFaceted,Movies
"scatter(x=production budget,y=worldwide gross) for content rating",n,scatterFaceted,Movies
Chart scatter plot of worldwide gross by production budget broken down by content rating,n,scatterFaceted,Movies
"groupby (region) | for each region, draw a scatter plot where a dot is located at (its sales, profit)",y,scatterFaceted,Superstore
The distribution of profit and sales by regions | Scatter plots,y,scatterFaceted,Superstore
"Show me each car's acceleration by weight, and split out separate charts for each country",n,scatterFaceted,Cars
Show weight and acceleration in a XYplot | Add origin to groups,y,scatterFaceted,Cars
budget by worldwide gross per content rating,n,scatterFaceted,Movies
"Show me scatterplots of production budget and woldwide gross for each title, by content rating",n,scatterFaceted,Movies
Show me Acceleration vs. Weight broken out by Origin,n,scatterFaceted,Cars
"create scatter plot of weight vs acceleration by car model, group by origin",n,scatterFaceted,Cars
What is the correlation between sales and profit by region,n,scatterFaceted,Superstore
"Show me a series of scatter charts of profit by sales, one chart for each region",n,scatterFaceted,Superstore
Show me a scatter chart of profit by sales for each region,n,scatterFaceted,Superstore
"Show me a scatter chart of profit by sales, one chart for each region",n,scatterFaceted,Superstore
"production budget vs ww gross for each movie, trellised by content rating",n,scatterFaceted,Movies
"scatter charts for each content rating, showing production budget and ww gross for each movie ",n,scatterFaceted,Movies
Scatterplot matrix of different U.S. regions of profit vs. sales,n,scatterFaceted,Superstore
wordwide gross versus production budget for each content rating,n,scatterFaceted,Movies
Show a scatterplot of acceleration vs Weight | Facet it by Origin.,y,scatterFaceted,Cars
Scatterplot of weight vs. acceleration. Break into multiple scatterplots by origin,n,scatterFaceted,Cars
Worldwide Gross relationship to Production Budget filtered by Content Rating,n,scatterFaceted,Movies
Worldwide Gross relationship to Production Budget separated by Content Rating,n,scatterFaceted,Movies
Acceleration distribution by Weight and Origin,n,scatterFaceted,Cars
show me scatter plots of movie production budget vs gross worldwide revenue broken down by rating,n,scatterFaceted,Movies
show me small multiple scatter plots of movie production budget vs gross worldwide where each multiple is a specific rating,n,scatterFaceted,Movies
Region Scatterplot Profit by Sales,n,scatterFaceted,Superstore
scatterplot acceleration vs weight per country,n,scatterFaceted,Cars
How does acceleration vary by weight for cars from different regions?,n,scatterFaceted,Cars
Count by origin,n,singleAttrBar,Cars
histogram for creative type,n,singleAttrBar,Movies
Which countries have the most cars in this dataset?,n,singleAttrBar,Cars
show me bars | show me creative type,y,singleAttrBar,Movies
show me movies by creative types,n,singleAttrBar,Movies
Show me count of movies categorized by creative type,n,singleAttrBar,Movies
Descending Column Chart of Count vs Sub-category,n,singleAttrBar,Superstore
"Column chart, count by sub-category",n,singleAttrBar,Superstore
count by sub-category distinct item ,n,singleAttrBar,Superstore
count for each subcategory item,n,singleAttrBar,Superstore
total count for each subcategory item,n,singleAttrBar,Superstore
Make a simple bar chart of Count of Titles versus the category of Creative Type.,n,singleAttrBar,Movies
show me the number of cars per country,n,singleAttrBar,Cars
count the number of cars based on their origins.,n,singleAttrBar,Cars
number of models by origin,n,singleAttrBar,Cars
count of models by origin,n,singleAttrBar,Cars
bar chart of number of models by origin,n,singleAttrBar,Cars
bar chart of count of models by origin,n,singleAttrBar,Cars
vertical bar chart of count of models by origin,n,singleAttrBar,Cars
vertical bar chart of number of models by origin,n,singleAttrBar,Cars
"Compare the number of models in USA, Japan and Europe ?",n,singleAttrBar,Cars
How many movies are there are of each creative type?,n,singleAttrBar,Movies
Which creative type had the most movies?,n,singleAttrBar,Movies
Which creative type had the fewest movies?,n,singleAttrBar,Movies
How many cars do each country manufacture?,n,singleAttrBar,Cars
Histogram of car models by country,n,singleAttrBar,Cars
How many orders were placed for each sub-category?,n,singleAttrBar,Superstore
"Create a bar chart that shows count of each sub-category, sorted high to low by count",n,singleAttrBar,Superstore
create bar graph | axes are sub-category and count | order by descending,y,singleAttrBar,Superstore
Show me the count of each subcategory of product,n,singleAttrBar,Superstore
Show number of cars from each country,n,singleAttrBar,Cars
Bar graph to show number of cars from different Origins,n,singleAttrBar,Cars
Plot count of models by grouped by origin,n,singleAttrBar,Cars
"Bar chart, x axis origin, y axis count of rows",n,singleAttrBar,Cars
Count of movies by Creative Type,n,singleAttrBar,Movies
plot origin,n,singleAttrBar,Cars
draw a bar chart of count by sub-category,n,singleAttrBar,Superstore
Plot count of cars by origin,n,singleAttrBar,Cars
show number of cars produced by each country,n,singleAttrBar,Cars
count of cars by origin,n,singleAttrBar,Cars
Movie count based on creative type,n,singleAttrBar,Movies
Show a count of movies by creative type.,n,singleAttrBar,Movies
"show number of orders for the sub categories as bar chart, and sort the bars by count, highest first",n,singleAttrBar,Superstore
show me the count of cars by country of origin in bar chart,n,singleAttrBar,Cars
What product category has more orders placed?,n,singleAttrBar,Superstore
Distribution of product sub categories by ordered quantity,n,singleAttrBar,Superstore
Show model count by origin in a bar chart,n,singleAttrBar,Cars
show frequency by country,n,singleAttrBar,Cars
Show distribution by counties,n,singleAttrBar,Cars
Show me how many products were ordered by sub-category,n,singleAttrBar,Superstore
Plot Count vs Origin,n,singleAttrBar,Cars
Plot ROWCOUNT vs Origin,n,singleAttrBar,Cars
Plot Count(cars) vs Origin,n,singleAttrBar,Cars
count by origin,n,singleAttrBar,Cars
Count movies by creative type,n,singleAttrBar,Movies
Which creative types have the most movies?,n,singleAttrBar,Movies
Sort creative types by number of movies,n,singleAttrBar,Movies
Count of movies by creative type as a bar chart,n,singleAttrBar,Movies
arrange the sub categories as per order count,n,singleAttrBar,Superstore
bar chart of number of movies in each creative category,n,singleAttrBar,Movies
"Groupby (sub-category)  | For each sub-category, count the number of elements (== count)",y,singleAttrBar,Superstore
"For each sub-category, plot a bar of the count for the sub-category",n,singleAttrBar,Superstore
The count of orders by sub-category | Bar chart | Descending order,y,singleAttrBar,Superstore
Count Sub-Category Asc,n,singleAttrBar,Superstore
Count asc Sub-Category render best,n,singleAttrBar,Superstore
how many models are proudced by each country,n,singleAttrBar,Cars
Show me how many movies were made by creative type,n,singleAttrBar,Movies
Show me count of models by origin,n,singleAttrBar,Cars
counts of movies by creative type,n,singleAttrBar,Movies
create a histogram of the count of models by origin,n,singleAttrBar,Cars
"show me a bar chart of count by sub-category, sorted by count highest to lowest",n,singleAttrBar,Superstore
"show me a bar chart of count by sub-category, sorted by count descending",n,singleAttrBar,Superstore
"show me a bar chart of count by sub-category, descending sort by count",n,singleAttrBar,Superstore
"show me a bar chart of count by sub-category, highest count to lowest",n,singleAttrBar,Superstore
show me a highest to lowest bar chart of count by sub-category,n,singleAttrBar,Superstore
"show me a bar chart of count by sub-category, highest first",n,singleAttrBar,Superstore
how many movies are there for each creative type,n,singleAttrBar,Movies
which creative types had the most movies?,n,singleAttrBar,Movies
count of movies by creative type,n,singleAttrBar,Movies
Create column graph of all movies by creative type,n,singleAttrBar,Movies
Bart chart quantity vs. product type all orders,n,singleAttrBar,Superstore
how many films of each creative type,n,singleAttrBar,Movies
where do the cars originate from?,n,singleAttrBar,Cars
Bar chart of number of cars from each origin,n,singleAttrBar,Cars
Count by Creative Type,n,singleAttrBar,Movies
Count Rows by Origin,n,singleAttrBar,Cars
"show me a histogram of the count of each creative type, sorted in descending number of releases. ",n,singleAttrBar,Movies
"show me the number of each creative type move in a bar chart, order the bars in decreasing order. ",n,singleAttrBar,Movies
Bar Chart Count by Sub-Category,n,singleAttrBar,Superstore
chart count to country,n,singleAttrBar,Cars
Distribution of country,n,singleAttrBar,Cars
How many cars are from each region?,n,singleAttrBar,Cars
Cylinders count bar chart Color by origin,n,stackedBar,Cars
Are there any American 5 cylinder cars?,n,stackedBar,Cars
"Show the total worldwide gross by category of film, broken down by movie rating.",n,stackedBar,Movies
Show me a bar chart of the total profitability of each region with a breakdown based on shipping time.,n,stackedBar,Superstore
Stacked columns of Sum (profit) segmented by Ship Status vs Region,n,stackedBar,Superstore
"Stacked bar chart on ship status, Sum of profit by region",n,stackedBar,Superstore
total profit by region and ship status,n,stackedBar,Superstore
Sum(Worldwide Gross) grouped by Genre and sub grouped by Content Rating,n,stackedBar,Movies
Make a bar chart of the sum of Worldwide Gross as a function of the Major Genre.  | Split each bar by Content Rating. Put a legend of the Content Rating on the right. Alphabetize Content Rating.,y,stackedBar,Movies
Show how content ratings are associated with gross receipts by genre. ,n,stackedBar,Movies
The distribution of the number of cylinders of cars based on different origins.,n,stackedBar,Cars
Create a stacked bar chart that represents sum of profit in different regions stacked by ship status,n,stackedBar,Superstore
"stacked bar of count of models by cylinders, colored by origin",n,stackedBar,Cars
"stacked bar of number of models by cylinders, colored by origin",n,stackedBar,Cars
"vertical stacked bar of number of models by cylinders, colored by origin",n,stackedBar,Cars
Plot the total worldwide gross for each major genre using a stacked bar chart. Break down within each genre by content rating.,n,stackedBar,Movies
How many cylinders do cars manufactured in different countries have?,n,stackedBar,Cars
Group cars by countries and cylinders,n,stackedBar,Cars
"What is the total profit for each region, based on ship status?",n,stackedBar,Superstore
"Create a stacked bar chart showing region and profit, colored by ship status",n,stackedBar,Superstore
create stacked bar chart | axes are region and SUM(Profit) | color by ship status,y,stackedBar,Superstore
Show me a bar graph of the profit for each region | Make the bars stacked with the ship status,y,stackedBar,Superstore
Show the relationship between number of cars and cylinders in each country,n,stackedBar,Cars
Stacked bar chart to show number of cylinders on X Axis and count of cars  segregated country wise on Y Axis ,n,stackedBar,Cars
Visualize distribution of models by number of cyclinders grouped by origin,n,stackedBar,Cars
"Stacked bar chart, x axis cylinder, y axis count, color by Origin",n,stackedBar,Cars
"Bar chart of total worldwide gross by major genre, by content rating",n,stackedBar,Movies
plot cylinder histogram | stack by origin,y,stackedBar,Cars
"make a stacked bar chart summing profit across region, where profit is colored by ship status",n,stackedBar,Superstore
show cars produced by diiferent origin in various cylinders,n,stackedBar,Cars
stacked bar of genre and worldwide gross colored by content rating,n,stackedBar,Movies
give me a bar chart of worldwide gross sum by major genres stacked by content ratings,n,stackedBar,Movies
Stack bar chart of SUM(worldwide gross) vs. movie genre based on content rating,n,stackedBar,Movies
show me the origin country by cylinder count in a bar chart,n,stackedBar,Cars
Show distribution of cylinders by country,n,stackedBar,Cars
"Plot the Count of cars vs Cylinders, colored by Origin, stacked by Origin",n,stackedBar,Cars
By region show our profits based on the shipping status of the order,n,stackedBar,Superstore
count by cylinders and origin,n,stackedBar,Cars
What is the total worldwide gross earned by each major genre and content rating?,n,stackedBar,Movies
Total ww gross by genre and content rating,n,stackedBar,Movies
Give me a stacked column chart of worldwide gross by genre and rating,n,stackedBar,Movies
"For each genre and rating, what is the total world-wide gross earnings?",n,stackedBar,Movies
How much did each type of movie earn in across the whole world?,n,stackedBar,Movies
Global boxoffice by genre and mpaa rating,n,stackedBar,Movies
How much money did movies of each genre and rating make?,n,stackedBar,Movies
"Stacked bar chart of total worldwide gross for each genre, separated by rating",n,stackedBar,Movies
"Groupby (region) | For each region, groupby (ship status) | For each (region, ship status), calculate the sum of profit",y,stackedBar,Superstore
"For each (region, ship status), plot the sum of the profit into a stacked bar",n,stackedBar,Superstore
Create stacked column graph of worldwide gross by major genre by content rating,n,stackedBar,Movies
Split region by ship status and Sum(Profit) render Stacked barchart,n,stackedBar,Superstore
Split region by ship status and Sum(Profit) render best,n,stackedBar,Superstore
"total number fo models based on number of cylinders, with breakdown by country",n,stackedBar,Cars
Show me the total worldwide gross for all major genres in a stacked bar chart and color it out by content rating,n,stackedBar,Movies
"Show cylinders by COUNT(Model) in a bar chart', 'Add origin to legend",n,stackedBar,Cars
"Show me count of models grouped by cylinders, stacked by Origin",n,stackedBar,Cars
gross across genres regarding content rating,n,stackedBar,Movies
"create a stacked bar chart of the count of models by cylinder, group by origin",n,stackedBar,Cars
"Show me a bar chart of total profit by region, and stack the bars by ship status",n,stackedBar,Superstore
"Show me a stacked bar chart of total profit by region, stacked by ship status",n,stackedBar,Superstore
ww gross by major genre and content rating,n,stackedBar,Movies
total ww gross by genre and rating,n,stackedBar,Movies
Stacked bar chart of Profit disaggregated by shipping time across different regions,n,stackedBar,Superstore
"Stacked bar chart of gross for each content rating, by major genre",n,stackedBar,Movies
"Cumulative gross for each content rating, by major genre",n,stackedBar,Movies
show me a distribution of cylinders grouped by car origin,n,stackedBar,Cars
Bar chart of number of cylinders. Stack bar charts by origin,n,stackedBar,Cars
Total Worldwide Gross by Major Genre separated by Content Rating,n,stackedBar,Movies
Total Worldwide Gross by Major Genre with Content Rating labels,n,stackedBar,Movies
"Count by Cylinders and Origin, Stacked",n,stackedBar,Cars
Stacked Barchart Ship Status X=Region Y=SUM(Profit),n,stackedBar,Superstore
show a stacked bar chart of number of vehicles to number for cylinders grouped by country,n,stackedBar,Cars
Histogram with cylinders on X axis and bar colored by country,n,stackedBar,Cars
what is the breakdown of cars by the number of cylinders in each region?,n,stackedBar,Cars
How many cars have various numbers of cylinders in each region?,n,stackedBar,Cars